{
  "b1": [
    1.2060088115279728,
    0.6962895119807357,
    0.0
  ],
  "b2": [
    0.0,
    1.3925790239614715,
    0.0
  ],
  "b3": [
    0.0,
    0.0,
    0.4978199967657778
  ],
  "kpoints": {
    "GAMMA": [
      0.0,
      0.0,
      0.0
    ],
    "A": [
      0.0,
      0.0,
      0.2489099983828889
    ],
    "K": [
      0.4020029371759909,
      0.6962895119807357,
      0.0
    ],
    "H": [
      0.4020029371759909,
      0.6962895119807357,
      0.2489099983828889
    ],
    "H_2": [
      0.4020029371759909,
      0.6962895119807357,
      -0.2489099983828889
    ],
    "M": [
      0.6030044057639864,
      0.34814475599036787,
      0.0
    ],
    "L": [
      0.6030044057639864,
      0.34814475599036787,
      0.2489099983828889
    ]
  },
  "kpoints_rel": {
    "GAMMA": [
      0.0,
      0.0,
      0.0
    ],
    "A": [
      0.0,
      0.0,
      0.5
    ],
    "K": [
      0.3333333333333333,
      0.3333333333333333,
      0.0
    ],
    "H": [
      0.3333333333333333,
      0.3333333333333333,
      0.5
    ],
    "H_2": [
      0.3333333333333333,
      0.3333333333333333,
      -0.5
    ],
    "M": [
      0.5,
      0.0,
      0.0
    ],
    "L": [
      0.5,
      0.0,
      0.5
    ]
  },
  "path": [
    [
      "GAMMA",
      "M"
    ],
    [
      "M",
      "K"
    ],
    [
      "K",
      "GAMMA"
    ],
    [
      "GAMMA",
      "A"
    ],
    [
      "A",
      "L"
    ],
    [
      "L",
      "H"
    ],
    [
      "H",
      "A"
    ],
    [
      "L",
      "M"
    ],
    [
      "H",
      "K"
    ]
  ],
  "primitive_lattice": [
    [
      5.209900000000001,
      0.0,
      0.0
    ],
    [
      -2.6049500000000005,
      4.511905751176547,
      0.0
    ],
    [
      0.0,
      0.0,
      12.621399999999996
    ]
  ],
  "primitive_positions": [
    [
      0.0,
      0.0,
      0.5
    ],
    [
      0.0,
      0.0,
      0.0
    ],
    [
      0.3333333333333333,
      0.6666666666666666,
      0.5
    ],
    [
      0.6666666666666667,
      0.3333333333333333,
      0.0
    ],
    [
      0.3333333333333333,
      0.6666666666666667,
      0.0
    ],
    [
      0.6666666666666667,
      0.33333333333333337,
      0.5
    ],
    [
      0.3333333333333333,
      0.6666666666666666,
      0.75
    ],
    [
      0.6666666666666666,
      0.3333333333333333,
      0.75
    ],
    [
      0.6666666666666667,
      0.33333333333333337,
      0.25
    ],
    [
      0.33333333333333337,
      0.6666666666666667,
      0.25
    ],
    [
      0.325749008,
      0.0,
      0.586231688
    ],
    [
      0.6742509919999999,
      0.6742509919999999,
      0.913768312
    ],
    [
      0.0,
      0.325749008,
      0.586231688
    ],
    [
      0.6742509919999999,
      0.0,
      0.08623168800000003
    ],
    [
      0.0,
      0.6742509919999999,
      0.08623168800000003
    ],
    [
      0.325749008,
      0.325749008,
      0.41376831199999997
    ],
    [
      0.6742509919999999,
      0.6742509919999999,
      0.586231688
    ],
    [
      0.325749008,
      0.0,
      0.913768312
    ],
    [
      0.0,
      0.325749008,
      0.913768312
    ],
    [
      0.325749008,
      0.325749008,
      0.08623168800000003
    ],
    [
      0.0,
      0.6742509919999999,
      0.41376831199999997
    ],
    [
      0.6742509919999999,
      0.0,
      0.41376831199999997
    ]
  ],
  "primitive_positions_cartesian": [
    [
      0.0,
      0.0,
      6.310699999999998
    ],
    [
      0.0,
      0.0,
      0.0
    ],
    [
      9.640251559991007e-17,
      3.0079371674510313,
      6.310699999999998
    ],
    [
      2.604950000000001,
      1.5039685837255157,
      0.0
    ],
    [
      -1.9280503119982014e-16,
      3.007937167451032,
      0.0
    ],
    [
      2.604950000000001,
      1.503968583725516,
      6.310699999999998
    ],
    [
      9.640251559991007e-17,
      3.0079371674510313,
      9.466049999999997
    ],
    [
      2.6049500000000005,
      1.5039685837255157,
      9.466049999999997
    ],
    [
      2.604950000000001,
      1.503968583725516,
      3.155349999999999
    ],
    [
      2.9239573725211166e-17,
      3.007937167451032,
      3.155349999999999
    ],
    [
      1.6971197567792005,
      0.0,
      7.399064626923198
    ],
    [
      1.7563901216104003,
      3.0421569285412917,
      11.533035373076796
    ],
    [
      -0.8485598783896002,
      1.469748822635255,
      7.399064626923198
    ],
    [
      3.5127802432208006,
      0.0,
      1.0883646269232
    ],
    [
      -1.7563901216104003,
      3.0421569285412917,
      1.0883646269232
    ],
    [
      0.8485598783896002,
      1.469748822635255,
      5.222335373076798
    ],
    [
      1.7563901216104003,
      3.0421569285412917,
      7.399064626923198
    ],
    [
      1.6971197567792005,
      0.0,
      11.533035373076796
    ],
    [
      -0.8485598783896002,
      1.469748822635255,
      11.533035373076796
    ],
    [
      0.8485598783896002,
      1.469748822635255,
      1.0883646269232
    ],
    [
      -1.7563901216104003,
      3.0421569285412917,
      5.222335373076798
    ],
    [
      3.5127802432208006,
      0.0,
      5.222335373076798
    ]
  ],
  "primitive_symbols": [
    "Te",
    "Te",
    "Co",
    "Co",
    "Co",
    "Co",
    "K",
    "K",
    "K",
    "K",
    "O",
    "O",
    "O",
    "O",
    "O",
    "O",
    "O",
    "O",
    "O",
    "O",
    "O",
    "O"
  ]
}
